{"cameraMode":{"drawMode":0,"name":"Shaded","section":"Shading Mode"},"sceneLighting":true,"audioPlay":false,"sceneViewState":{"showFog":true,"showMaterialUpdate":false,"showSkybox":true,"showFlares":true,"showImageEffects":true,"showParticleSystems":true},"in2DMode":false,"pivot":{"x":-0.3075670003890991,"y":18.788843154907228,"z":11.885147094726563},"rotation":{"x":0.043658941984176639,"y":0.8669736981391907,"z":-0.490440309047699,"w":0.07719410955905914},"size":11.43057918548584,"orthographic":false}