{"cameraMode":{"drawMode":0,"name":"Shaded","section":"Shading Mode"},"sceneLighting":false,"audioPlay":false,"sceneViewState":{"showFog":true,"showMaterialUpdate":false,"showSkybox":false,"showFlares":true,"showImageEffects":true,"showParticleSystems":true},"in2DMode":false,"pivot":{"x":5.960464477539063e-8,"y":1.0,"z":-1.1920928955078126e-7},"rotation":{"x":0.22956301271915437,"y":0.6601971983909607,"z":-0.22305309772491456,"w":0.6794962286949158},"size":4.041658401489258,"orthographic":false}